brand,manufacturer_part_number,description,motor_type,rated_power_kw,voltage_v,frequency_hz,speed_rpm,current_a,efficiency_percent,power_factor,ip_rating,insulation_class,mounting,duty,frame_size,ambient_temperature_c,weight_kg,poles,series,source_type,source_reference
ABB,AB-00750-6P-001,"0.75 kW three-phase induction motor, 6-pole, 380 V, 50 Hz",Three-phase induction motor,0.75,380,50,970,1.8,83.1,0.76,IP65,F,B3,S1,280,40,13.0,6,M2BAX,starter_seed,Synthetic starter record for development/testing
ABB,AB-01500-2P-002,"1.5 kW three-phase induction motor, 2-pole, 415 V, 50 Hz",Three-phase induction motor,1.5,415,50,2945,3.15,86.1,0.77,IP65,F,B5,S1,280,40,8.7,2,BVM,starter_seed,Synthetic starter record for development/testing
WEG,WE-00750-2P-003,"0.75 kW three-phase induction motor, 2-pole, 400 V, 50 Hz",Three-phase induction motor,0.75,400,50,2955,1.78,83.3,0.73,IP55,F,B3,S1,160,40,9.7,2,W22,starter_seed,Synthetic starter record for development/testing
WEG,WE-11000-2P-004,"11 kW three-phase induction motor, 2-pole, 415 V, 50 Hz",Three-phase induction motor,11.0,415,50,2955,19.46,90.4,0.87,IP65,F,B5,S1,90,40,38.4,2,BVM,starter_seed,Synthetic starter record for development/testing
WEG,WE-05500-6P-005,"5.5 kW three-phase induction motor, 6-pole, 380 V, 50 Hz",Three-phase induction motor,5.5,380,50,960,11.17,90.1,0.83,IP55,F,B3,S1,90,40,19.6,6,GX,starter_seed,Synthetic starter record for development/testing
WEG,WE-04000-4P-006,"4 kW three-phase induction motor, 4-pole, 380 V, 50 Hz",Three-phase induction motor,4.0,380,50,1470,8.42,89.1,0.81,IP55,F,B35,S1,280,40,20.6,4,BVM,starter_seed,Synthetic starter record for development/testing
Siemens,SI-04000-4P-007,"4 kW three-phase induction motor, 4-pole, 400 V, 50 Hz",Three-phase induction motor,4.0,400,50,1475,7.88,90.4,0.81,IP55,F,B35,S1,225,40,15.6,4,M2BAX,starter_seed,Synthetic starter record for development/testing
Siemens,SI-01100-4P-008,"1.1 kW three-phase induction motor, 4-pole, 400 V, 50 Hz",Three-phase induction motor,1.1,400,50,1475,2.45,83.2,0.78,IP55,F,B3,S1,250,40,14.8,4,GX,starter_seed,Synthetic starter record for development/testing
CG Power,CG-03000-4P-009,"3 kW three-phase induction motor, 4-pole, 380 V, 50 Hz",Three-phase induction motor,3.0,380,50,1465,6.52,88.5,0.79,IP56,F,B35,S1,250,40,14.7,4,1LE1,starter_seed,Synthetic starter record for development/testing
Siemens,SI-75000-4P-010,"75 kW three-phase induction motor, 4-pole, 380 V, 50 Hz",Three-phase induction motor,75.0,380,50,1460,129.02,96.0,0.92,IP56,F,B35,S1,100,40,160.5,4,GX,starter_seed,Synthetic starter record for development/testing
Bharat Bijlee,BH-45000-6P-011,"45 kW three-phase induction motor, 6-pole, 415 V, 50 Hz",Three-phase induction motor,45.0,415,50,970,74.11,96.0,0.88,IP65,F,B5,S1,90,40,108.8,6,W22,starter_seed,Synthetic starter record for development/testing
ABB,AB-15000-4P-012,"15 kW three-phase induction motor, 4-pole, 400 V, 50 Hz",Three-phase induction motor,15.0,400,50,1465,27.32,91.1,0.87,IP65,F,B3,S1,132,40,41.6,4,M2BAX,starter_seed,Synthetic starter record for development/testing
WEG,WE-75000-6P-013,"75 kW three-phase induction motor, 6-pole, 380 V, 50 Hz",Three-phase induction motor,75.0,380,50,965,129.02,96.0,0.92,IP55,F,B35,S1,225,40,164.7,6,M2BAX,starter_seed,Synthetic starter record for development/testing
ABB,AB-22000-4P-014,"22 kW three-phase induction motor, 4-pole, 380 V, 50 Hz",Three-phase induction motor,22.0,380,50,1465,40.63,93.5,0.88,IP55,F,B35,S1,90,40,56.0,4,M2BAX,starter_seed,Synthetic starter record for development/testing
Bharat Bijlee,BH-03000-2P-015,"3 kW three-phase induction motor, 2-pole, 415 V, 50 Hz",Three-phase induction motor,3.0,415,50,2955,6.13,86.2,0.79,IP56,F,B3,S1,250,40,23.2,2,1LE1,starter_seed,Synthetic starter record for development/testing
WEG,WE-30000-6P-016,"30 kW three-phase induction motor, 6-pole, 400 V, 50 Hz",Three-phase induction motor,30.0,400,50,970,50.68,96.0,0.89,IP55,F,B3,S1,112,40,70.4,6,BVM,starter_seed,Synthetic starter record for development/testing
Bharat Bijlee,BH-07500-6P-017,"7.5 kW three-phase induction motor, 6-pole, 380 V, 50 Hz",Three-phase induction motor,7.5,380,50,965,15.46,88.8,0.83,IP55,F,B3,S1,112,40,31.5,6,M2BAX,starter_seed,Synthetic starter record for development/testing
Bharat Bijlee,BH-07500-4P-018,"7.5 kW three-phase induction motor, 4-pole, 380 V, 50 Hz",Three-phase induction motor,7.5,380,50,1475,14.96,90.7,0.84,IP65,F,B5,S1,250,40,21.6,4,GX,starter_seed,Synthetic starter record for development/testing
CG Power,CG-05500-2P-019,"5.5 kW three-phase induction motor, 2-pole, 415 V, 50 Hz",Three-phase induction motor,5.5,415,50,2940,10.59,89.2,0.81,IP55,F,B35,S1,200,40,24.0,2,M2BAX,starter_seed,Synthetic starter record for development/testing
ABB,AB-30000-6P-020,"30 kW three-phase induction motor, 6-pole, 380 V, 50 Hz",Three-phase induction motor,30.0,380,50,970,55.32,94.7,0.87,IP55,F,B5,S1,200,40,67.9,6,GX,starter_seed,Synthetic starter record for development/testing
Siemens,SI-01500-4P-021,"1.5 kW three-phase induction motor, 4-pole, 380 V, 50 Hz",Three-phase induction motor,1.5,380,50,1480,3.4,83.9,0.8,IP55,F,B3,S1,80,40,8.0,4,GX,starter_seed,Synthetic starter record for development/testing
CG Power,CG-05500-4P-022,"5.5 kW three-phase induction motor, 4-pole, 380 V, 50 Hz",Three-phase induction motor,5.5,380,50,1460,11.18,89.0,0.84,IP56,F,B5,S1,132,40,20.3,4,BVM,starter_seed,Synthetic starter record for development/testing
CG Power,CG-03000-2P-023,"3 kW three-phase induction motor, 2-pole, 380 V, 50 Hz",Three-phase induction motor,3.0,380,50,2950,6.45,89.4,0.79,IP55,F,B35,S1,225,40,13.3,2,M2BAX,starter_seed,Synthetic starter record for development/testing
Bharat Bijlee,BH-55000-6P-024,"55 kW three-phase induction motor, 6-pole, 380 V, 50 Hz",Three-phase induction motor,55.0,380,50,980,94.62,96.0,0.92,IP55,F,B35,S1,100,40,118.6,6,1LE1,starter_seed,Synthetic starter record for development/testing
CG Power,CG-02200-6P-025,"2.2 kW three-phase induction motor, 6-pole, 415 V, 50 Hz",Three-phase induction motor,2.2,415,50,965,4.45,87.0,0.79,IP65,F,B35,S1,180,40,15.0,6,W22,starter_seed,Synthetic starter record for development/testing
Siemens,SI-18500-2P-026,"18.5 kW three-phase induction motor, 2-pole, 400 V, 50 Hz",Three-phase induction motor,18.5,400,50,2950,32.84,92.4,0.88,IP55,F,B3,S1,200,40,41.0,2,BVM,starter_seed,Synthetic starter record for development/testing
Bharat Bijlee,BH-02200-2P-027,"2.2 kW three-phase induction motor, 2-pole, 380 V, 50 Hz",Three-phase induction motor,2.2,380,50,2960,5.07,86.7,0.76,IP55,F,B3,S1,160,40,12.5,2,1LE1,starter_seed,Synthetic starter record for development/testing
CG Power,CG-90000-6P-028,"90 kW three-phase induction motor, 6-pole, 415 V, 50 Hz",Three-phase induction motor,90.0,415,50,970,137.29,96.0,0.95,IP55,F,B35,S1,225,40,204.1,6,W22,starter_seed,Synthetic starter record for development/testing
ABB,AB-03000-4P-029,"3 kW three-phase induction motor, 4-pole, 380 V, 50 Hz",Three-phase induction motor,3.0,380,50,1460,6.69,88.5,0.77,IP65,F,B3,S1,132,40,19.8,4,1LE1,starter_seed,Synthetic starter record for development/testing
WEG,WE-75000-4P-030,"75 kW three-phase induction motor, 4-pole, 380 V, 50 Hz",Three-phase induction motor,75.0,380,50,1470,127.64,96.0,0.93,IP55,F,B3,S1,132,40,164.8,4,1LE1,starter_seed,Synthetic starter record for development/testing
WEG,WE-04000-6P-031,"4 kW three-phase induction motor, 6-pole, 415 V, 50 Hz",Three-phase induction motor,4.0,415,50,975,7.79,89.3,0.8,IP55,F,B35,S1,90,40,24.9,6,BVM,starter_seed,Synthetic starter record for development/testing
ABB,AB-22000-6P-032,"22 kW three-phase induction motor, 6-pole, 380 V, 50 Hz",Three-phase induction motor,22.0,380,50,980,41.7,94.3,0.85,IP55,F,B5,S1,160,40,51.6,6,1LE1,starter_seed,Synthetic starter record for development/testing
ABB,AB-22000-6P-033,"22 kW three-phase induction motor, 6-pole, 415 V, 50 Hz",Three-phase induction motor,22.0,415,50,975,35.61,95.5,0.9,IP55,F,B3,S1,112,40,62.3,6,M2BAX,starter_seed,Synthetic starter record for development/testing
Siemens,SI-18500-4P-034,"18.5 kW three-phase induction motor, 4-pole, 400 V, 50 Hz",Three-phase induction motor,18.5,400,50,1465,32.8,92.5,0.88,IP55,F,B5,S1,180,40,44.4,4,GX,starter_seed,Synthetic starter record for development/testing
WEG,WE-15000-2P-035,"15 kW three-phase induction motor, 2-pole, 380 V, 50 Hz",Three-phase induction motor,15.0,380,50,2945,28.62,93.7,0.85,IP55,F,B5,S1,132,40,39.1,2,BVM,starter_seed,Synthetic starter record for development/testing
CG Power,CG-90000-4P-036,"90 kW three-phase induction motor, 4-pole, 380 V, 50 Hz",Three-phase induction motor,90.0,380,50,1460,153.16,96.0,0.93,IP55,F,B3,S1,250,40,192.7,4,GX,starter_seed,Synthetic starter record for development/testing
WEG,WE-18500-4P-037,"18.5 kW three-phase induction motor, 4-pole, 415 V, 50 Hz",Three-phase induction motor,18.5,415,50,1480,31.33,92.3,0.89,IP55,F,B3,S1,112,40,52.2,4,M2BAX,starter_seed,Synthetic starter record for development/testing
Bharat Bijlee,BH-90000-6P-038,"90 kW three-phase induction motor, 6-pole, 400 V, 50 Hz",Three-phase induction motor,90.0,400,50,965,142.44,96.0,0.95,IP65,F,B5,S1,160,40,201.6,6,M2BAX,starter_seed,Synthetic starter record for development/testing
WEG,WE-75000-4P-039,"75 kW three-phase induction motor, 4-pole, 400 V, 50 Hz",Three-phase induction motor,75.0,400,50,1475,122.57,96.0,0.92,IP55,F,B5,S1,100,40,170.1,4,GX,starter_seed,Synthetic starter record for development/testing
Siemens,SI-15000-4P-040,"15 kW three-phase induction motor, 4-pole, 380 V, 50 Hz",Three-phase induction motor,15.0,380,50,1480,29.4,92.3,0.84,IP65,F,B35,S1,250,40,38.7,4,GX,starter_seed,Synthetic starter record for development/testing
CG Power,CG-05500-6P-041,"5.5 kW three-phase induction motor, 6-pole, 415 V, 50 Hz",Three-phase induction motor,5.5,415,50,975,10.98,88.2,0.79,IP65,F,B5,S1,225,40,15.0,6,1LE1,starter_seed,Synthetic starter record for development/testing
WEG,WE-07500-2P-042,"7.5 kW three-phase induction motor, 2-pole, 380 V, 50 Hz",Three-phase induction motor,7.5,380,50,2945,14.94,88.7,0.86,IP55,F,B5,S1,250,40,24.4,2,BVM,starter_seed,Synthetic starter record for development/testing
Siemens,SI-30000-4P-043,"30 kW three-phase induction motor, 4-pole, 380 V, 50 Hz",Three-phase induction motor,30.0,380,50,1475,53.71,94.3,0.9,IP56,F,B3,S1,90,40,67.8,4,BVM,starter_seed,Synthetic starter record for development/testing
CG Power,CG-01100-6P-044,"1.1 kW three-phase induction motor, 6-pole, 380 V, 50 Hz",Three-phase induction motor,1.1,380,50,965,2.53,84.8,0.78,IP65,F,B35,S1,280,40,13.8,6,GX,starter_seed,Synthetic starter record for development/testing
Bharat Bijlee,BH-75000-4P-045,"75 kW three-phase induction motor, 4-pole, 400 V, 50 Hz",Three-phase induction motor,75.0,400,50,1480,118.7,96.0,0.95,IP56,F,B5,S1,200,40,171.5,4,W22,starter_seed,Synthetic starter record for development/testing
Bharat Bijlee,BH-55000-6P-046,"55 kW three-phase induction motor, 6-pole, 400 V, 50 Hz",Three-phase induction motor,55.0,400,50,965,88.92,96.0,0.93,IP55,F,B5,S1,112,40,122.6,6,BVM,starter_seed,Synthetic starter record for development/testing
ABB,AB-03000-2P-047,"3 kW three-phase induction motor, 2-pole, 400 V, 50 Hz",Three-phase induction motor,3.0,400,50,2945,6.13,88.3,0.8,IP56,F,B5,S1,90,40,13.6,2,GX,starter_seed,Synthetic starter record for development/testing
CG Power,CG-01100-2P-048,"1.1 kW three-phase induction motor, 2-pole, 400 V, 50 Hz",Three-phase induction motor,1.1,400,50,2955,2.41,86.6,0.76,IP65,F,B5,S1,80,40,11.9,2,W22,starter_seed,Synthetic starter record for development/testing
WEG,WE-30000-4P-049,"30 kW three-phase induction motor, 4-pole, 415 V, 50 Hz",Three-phase induction motor,30.0,415,50,1480,47.78,96.0,0.91,IP56,F,B3,S1,112,40,69.4,4,GX,starter_seed,Synthetic starter record for development/testing
ABB,AB-30000-4P-050,"30 kW three-phase induction motor, 4-pole, 415 V, 50 Hz",Three-phase induction motor,30.0,415,50,1475,49.68,94.4,0.89,IP65,F,B35,S1,100,40,65.4,4,GX,starter_seed,Synthetic starter record for development/testing
Bharat Bijlee,BH-00750-2P-051,"0.75 kW three-phase induction motor, 2-pole, 380 V, 50 Hz",Three-phase induction motor,0.75,380,50,2955,1.82,85.7,0.73,IP56,F,B5,S1,132,40,8.0,2,W22,starter_seed,Synthetic starter record for development/testing
WEG,WE-30000-4P-052,"30 kW three-phase induction motor, 4-pole, 400 V, 50 Hz",Three-phase induction motor,30.0,400,50,1475,50.68,96.0,0.89,IP55,F,B5,S1,225,40,68.6,4,M2BAX,starter_seed,Synthetic starter record for development/testing
ABB,AB-00750-2P-053,"0.75 kW three-phase induction motor, 2-pole, 380 V, 50 Hz",Three-phase induction motor,0.75,380,50,2945,1.84,84.7,0.73,IP55,F,B35,S1,200,40,18.7,2,GX,starter_seed,Synthetic starter record for development/testing
WEG,WE-22000-2P-054,"22 kW three-phase induction motor, 2-pole, 415 V, 50 Hz",Three-phase induction motor,22.0,415,50,2960,35.82,96.0,0.89,IP55,F,B3,S1,100,40,57.5,2,W22,starter_seed,Synthetic starter record for development/testing
Bharat Bijlee,BH-30000-4P-055,"30 kW three-phase induction motor, 4-pole, 380 V, 50 Hz",Three-phase induction motor,30.0,380,50,1465,52.18,96.0,0.91,IP55,F,B35,S1,112,40,77.4,4,BVM,starter_seed,Synthetic starter record for development/testing
ABB,AB-01100-4P-056,"1.1 kW three-phase induction motor, 4-pole, 400 V, 50 Hz",Three-phase induction motor,1.1,400,50,1480,2.54,85.6,0.73,IP55,F,B3,S1,280,40,17.9,4,GX,starter_seed,Synthetic starter record for development/testing
ABB,AB-37000-4P-057,"37 kW three-phase induction motor, 4-pole, 415 V, 50 Hz",Three-phase induction motor,37.0,415,50,1475,61.44,95.2,0.88,IP55,F,B35,S1,225,40,92.6,4,BVM,starter_seed,Synthetic starter record for development/testing
CG Power,CG-45000-4P-058,"45 kW three-phase induction motor, 4-pole, 400 V, 50 Hz",Three-phase induction motor,45.0,400,50,1480,75.18,96.0,0.9,IP55,F,B5,S1,90,40,100.4,4,GX,starter_seed,Synthetic starter record for development/testing
Bharat Bijlee,BH-30000-4P-059,"30 kW three-phase induction motor, 4-pole, 400 V, 50 Hz",Three-phase induction motor,30.0,400,50,1460,51.85,96.0,0.87,IP55,F,B5,S1,112,40,70.4,4,BVM,starter_seed,Synthetic starter record for development/testing
WEG,WE-90000-2P-060,"90 kW three-phase induction motor, 2-pole, 380 V, 50 Hz",Three-phase induction motor,90.0,380,50,2960,149.94,96.0,0.95,IP65,F,B3,S1,200,40,202.0,2,GX,starter_seed,Synthetic starter record for development/testing
CG Power,CG-00750-2P-061,"0.75 kW three-phase induction motor, 2-pole, 380 V, 50 Hz",Three-phase induction motor,0.75,380,50,2950,1.86,83.9,0.73,IP65,F,B5,S1,280,40,11.1,2,BVM,starter_seed,Synthetic starter record for development/testing
WEG,WE-37000-6P-062,"37 kW three-phase induction motor, 6-pole, 400 V, 50 Hz",Three-phase induction motor,37.0,400,50,980,61.81,96.0,0.9,IP55,F,B3,S1,132,40,81.6,6,1LE1,starter_seed,Synthetic starter record for development/testing
WEG,WE-02200-6P-063,"2.2 kW three-phase induction motor, 6-pole, 415 V, 50 Hz",Three-phase induction motor,2.2,415,50,980,4.72,85.4,0.76,IP55,F,B35,S1,200,40,16.1,6,BVM,starter_seed,Synthetic starter record for development/testing
Bharat Bijlee,BH-15000-2P-064,"15 kW three-phase induction motor, 2-pole, 400 V, 50 Hz",Three-phase induction motor,15.0,400,50,2945,28.02,92.0,0.84,IP65,F,B3,S1,80,40,37.9,2,M2BAX,starter_seed,Synthetic starter record for development/testing
Bharat Bijlee,BH-15000-6P-065,"15 kW three-phase induction motor, 6-pole, 415 V, 50 Hz",Three-phase induction motor,15.0,415,50,965,25.65,94.6,0.86,IP65,F,B5,S1,80,40,41.0,6,GX,starter_seed,Synthetic starter record for development/testing
WEG,WE-04000-2P-066,"4 kW three-phase induction motor, 2-pole, 400 V, 50 Hz",Three-phase induction motor,4.0,400,50,2950,8.63,86.9,0.77,IP55,F,B35,S1,200,40,20.5,2,M2BAX,starter_seed,Synthetic starter record for development/testing
Siemens,SI-03000-6P-067,"3 kW three-phase induction motor, 6-pole, 380 V, 50 Hz",Three-phase induction motor,3.0,380,50,970,6.61,89.5,0.77,IP65,F,B35,S1,180,40,21.0,6,1LE1,starter_seed,Synthetic starter record for development/testing
Bharat Bijlee,BH-30000-4P-068,"30 kW three-phase induction motor, 4-pole, 400 V, 50 Hz",Three-phase induction motor,30.0,400,50,1475,49.03,96.0,0.92,IP65,F,B35,S1,132,40,66.0,4,M2BAX,starter_seed,Synthetic starter record for development/testing
Siemens,SI-05500-4P-069,"5.5 kW three-phase induction motor, 4-pole, 380 V, 50 Hz",Three-phase induction motor,5.5,380,50,1460,11.53,88.4,0.82,IP55,F,B5,S1,100,40,20.8,4,BVM,starter_seed,Synthetic starter record for development/testing
CG Power,CG-15000-2P-070,"15 kW three-phase induction motor, 2-pole, 400 V, 50 Hz",Three-phase induction motor,15.0,400,50,2945,26.5,93.9,0.87,IP55,F,B35,S1,200,40,37.2,2,W22,starter_seed,Synthetic starter record for development/testing
Bharat Bijlee,BH-05500-4P-071,"5.5 kW three-phase induction motor, 4-pole, 415 V, 50 Hz",Three-phase induction motor,5.5,415,50,1460,10.96,88.4,0.79,IP55,F,B3,S1,132,40,14.5,4,W22,starter_seed,Synthetic starter record for development/testing
Bharat Bijlee,BH-15000-4P-072,"15 kW three-phase induction motor, 4-pole, 400 V, 50 Hz",Three-phase induction motor,15.0,400,50,1460,26.53,93.8,0.87,IP65,F,B35,S1,132,40,41.4,4,M2BAX,starter_seed,Synthetic starter record for development/testing
Bharat Bijlee,BH-01100-4P-073,"1.1 kW three-phase induction motor, 4-pole, 415 V, 50 Hz",Three-phase induction motor,1.1,415,50,1470,2.5,84.0,0.73,IP65,F,B35,S1,280,40,19.5,4,W22,starter_seed,Synthetic starter record for development/testing
Bharat Bijlee,BH-01100-2P-074,"1.1 kW three-phase induction motor, 2-pole, 415 V, 50 Hz",Three-phase induction motor,1.1,415,50,2955,2.29,85.6,0.78,IP65,F,B5,S1,100,40,14.5,2,GX,starter_seed,Synthetic starter record for development/testing
ABB,AB-55000-4P-075,"55 kW three-phase induction motor, 4-pole, 400 V, 50 Hz",Three-phase induction motor,55.0,400,50,1475,91.88,96.0,0.9,IP55,F,B5,S1,100,40,128.6,4,W22,starter_seed,Synthetic starter record for development/testing
CG Power,CG-90000-2P-076,"90 kW three-phase induction motor, 2-pole, 380 V, 50 Hz",Three-phase induction motor,90.0,380,50,2955,153.16,96.0,0.93,IP65,F,B3,S1,180,40,201.5,2,BVM,starter_seed,Synthetic starter record for development/testing
CG Power,CG-37000-2P-077,"37 kW three-phase induction motor, 2-pole, 415 V, 50 Hz",Three-phase induction motor,37.0,415,50,2945,58.28,96.0,0.92,IP56,F,B3,S1,280,40,83.0,2,BVM,starter_seed,Synthetic starter record for development/testing
Siemens,SI-15000-4P-078,"15 kW three-phase induction motor, 4-pole, 380 V, 50 Hz",Three-phase induction motor,15.0,380,50,1475,28.72,91.2,0.87,IP55,F,B5,S1,112,40,42.3,4,BVM,starter_seed,Synthetic starter record for development/testing
CG Power,CG-01500-2P-079,"1.5 kW three-phase induction motor, 2-pole, 400 V, 50 Hz",Three-phase induction motor,1.5,400,50,2940,3.21,87.5,0.77,IP56,F,B35,S1,100,40,9.8,2,W22,starter_seed,Synthetic starter record for development/testing
CG Power,CG-55000-4P-080,"55 kW three-phase induction motor, 4-pole, 400 V, 50 Hz",Three-phase induction motor,55.0,400,50,1465,90.87,96.0,0.91,IP65,F,B35,S1,250,40,131.6,4,M2BAX,starter_seed,Synthetic starter record for development/testing
WEG,WE-37000-4P-081,"37 kW three-phase induction motor, 4-pole, 400 V, 50 Hz",Three-phase induction motor,37.0,400,50,1480,62.51,96.0,0.89,IP65,F,B35,S1,132,40,95.7,4,GX,starter_seed,Synthetic starter record for development/testing
Siemens,SI-45000-6P-082,"45 kW three-phase induction motor, 6-pole, 400 V, 50 Hz",Three-phase induction motor,45.0,400,50,975,72.75,96.0,0.93,IP56,F,B5,S1,180,40,110.4,6,1LE1,starter_seed,Synthetic starter record for development/testing
Bharat Bijlee,BH-30000-2P-083,"30 kW three-phase induction motor, 2-pole, 380 V, 50 Hz",Three-phase induction motor,30.0,380,50,2955,53.91,95.0,0.89,IP56,F,B35,S1,180,40,77.7,2,1LE1,starter_seed,Synthetic starter record for development/testing
CG Power,CG-01100-2P-084,"1.1 kW three-phase induction motor, 2-pole, 415 V, 50 Hz",Three-phase induction motor,1.1,415,50,2960,2.49,84.3,0.73,IP55,F,B35,S1,200,40,18.9,2,M2BAX,starter_seed,Synthetic starter record for development/testing
Siemens,SI-37000-6P-085,"37 kW three-phase induction motor, 6-pole, 380 V, 50 Hz",Three-phase induction motor,37.0,380,50,965,62.97,96.0,0.93,IP65,F,B35,S1,160,40,86.1,6,M2BAX,starter_seed,Synthetic starter record for development/testing
WEG,WE-90000-4P-086,"90 kW three-phase induction motor, 4-pole, 415 V, 50 Hz",Three-phase induction motor,90.0,415,50,1470,137.29,96.0,0.95,IP55,F,B35,S1,225,40,192.1,4,W22,starter_seed,Synthetic starter record for development/testing
Siemens,SI-01500-4P-087,"1.5 kW three-phase induction motor, 4-pole, 415 V, 50 Hz",Three-phase induction motor,1.5,415,50,1460,3.26,86.5,0.74,IP55,F,B3,S1,100,40,8.0,4,M2BAX,starter_seed,Synthetic starter record for development/testing
WEG,WE-22000-4P-088,"22 kW three-phase induction motor, 4-pole, 380 V, 50 Hz",Three-phase induction motor,22.0,380,50,1475,41.09,93.5,0.87,IP55,F,B3,S1,280,40,51.0,4,BVM,starter_seed,Synthetic starter record for development/testing
CG Power,CG-07500-4P-089,"7.5 kW three-phase induction motor, 4-pole, 380 V, 50 Hz",Three-phase induction motor,7.5,380,50,1480,15.16,89.5,0.84,IP55,F,B35,S1,200,40,17.9,4,GX,starter_seed,Synthetic starter record for development/testing
WEG,WE-90000-2P-090,"90 kW three-phase induction motor, 2-pole, 400 V, 50 Hz",Three-phase induction motor,90.0,400,50,2940,142.44,96.0,0.95,IP56,F,B35,S1,132,40,195.0,2,W22,starter_seed,Synthetic starter record for development/testing
Siemens,SI-30000-4P-091,"30 kW three-phase induction motor, 4-pole, 380 V, 50 Hz",Three-phase induction motor,30.0,380,50,1460,54.35,95.3,0.88,IP55,F,B3,S1,132,40,80.6,4,GX,starter_seed,Synthetic starter record for development/testing
WEG,WE-00750-6P-092,"0.75 kW three-phase induction motor, 6-pole, 415 V, 50 Hz",Three-phase induction motor,0.75,415,50,960,1.59,85.2,0.77,IP55,F,B35,S1,132,40,16.4,6,1LE1,starter_seed,Synthetic starter record for development/testing
Siemens,SI-11000-6P-093,"11 kW three-phase induction motor, 6-pole, 415 V, 50 Hz",Three-phase induction motor,11.0,415,50,965,19.94,90.3,0.85,IP55,F,B5,S1,80,40,25.6,6,W22,starter_seed,Synthetic starter record for development/testing
Siemens,SI-01500-4P-094,"1.5 kW three-phase induction motor, 4-pole, 415 V, 50 Hz",Three-phase induction motor,1.5,415,50,1470,3.26,85.3,0.75,IP55,F,B35,S1,225,40,13.2,4,W22,starter_seed,Synthetic starter record for development/testing
Siemens,SI-11000-4P-095,"11 kW three-phase induction motor, 4-pole, 415 V, 50 Hz",Three-phase induction motor,11.0,415,50,1470,19.05,93.4,0.86,IP55,F,B3,S1,200,40,37.2,4,1LE1,starter_seed,Synthetic starter record for development/testing
CG Power,CG-90000-4P-096,"90 kW three-phase induction motor, 4-pole, 400 V, 50 Hz",Three-phase induction motor,90.0,400,50,1460,142.44,96.0,0.95,IP55,F,B35,S1,200,40,203.0,4,W22,starter_seed,Synthetic starter record for development/testing
Bharat Bijlee,BH-30000-6P-097,"30 kW three-phase induction motor, 6-pole, 380 V, 50 Hz",Three-phase induction motor,30.0,380,50,970,53.35,96.0,0.89,IP65,F,B5,S1,250,40,79.6,6,1LE1,starter_seed,Synthetic starter record for development/testing
ABB,AB-45000-6P-098,"45 kW three-phase induction motor, 6-pole, 415 V, 50 Hz",Three-phase induction motor,45.0,415,50,970,73.27,96.0,0.89,IP55,F,B5,S1,80,40,98.4,6,1LE1,starter_seed,Synthetic starter record for development/testing
Bharat Bijlee,BH-03000-4P-099,"3 kW three-phase induction motor, 4-pole, 400 V, 50 Hz",Three-phase induction motor,3.0,400,50,1475,6.14,88.2,0.8,IP56,F,B35,S1,225,40,20.2,4,1LE1,starter_seed,Synthetic starter record for development/testing
CG Power,CG-02200-4P-100,"2.2 kW three-phase induction motor, 4-pole, 400 V, 50 Hz",Three-phase induction motor,2.2,400,50,1480,4.73,88.4,0.76,IP55,F,B5,S1,160,40,13.7,4,1LE1,starter_seed,Synthetic starter record for development/testing
WEG,WE-02200-6P-101,"2.2 kW three-phase induction motor, 6-pole, 415 V, 50 Hz",Three-phase induction motor,2.2,415,50,970,4.39,88.3,0.79,IP56,F,B5,S1,80,40,9.7,6,M2BAX,starter_seed,Synthetic starter record for development/testing
CG Power,CG-01500-6P-102,"1.5 kW three-phase induction motor, 6-pole, 415 V, 50 Hz",Three-phase induction motor,1.5,415,50,965,3.06,86.2,0.79,IP55,F,B3,S1,80,40,21.0,6,BVM,starter_seed,Synthetic starter record for development/testing
Siemens,SI-01500-6P-103,"1.5 kW three-phase induction motor, 6-pole, 415 V, 50 Hz",Three-phase induction motor,1.5,415,50,965,3.13,84.5,0.79,IP55,F,B35,S1,160,40,8.0,6,1LE1,starter_seed,Synthetic starter record for development/testing
Siemens,SI-90000-4P-104,"90 kW three-phase induction motor, 4-pole, 380 V, 50 Hz",Three-phase induction motor,90.0,380,50,1465,154.83,96.0,0.92,IP55,F,B3,S1,80,40,200.4,4,M2BAX,starter_seed,Synthetic starter record for development/testing
Siemens,SI-11000-2P-105,"11 kW three-phase induction motor, 2-pole, 415 V, 50 Hz",Three-phase induction motor,11.0,415,50,2945,20.37,91.6,0.82,IP56,F,B5,S1,90,40,37.5,2,BVM,starter_seed,Synthetic starter record for development/testing
Bharat Bijlee,BH-02200-4P-106,"2.2 kW three-phase induction motor, 4-pole, 380 V, 50 Hz",Three-phase induction motor,2.2,380,50,1480,5.04,88.4,0.75,IP65,F,B5,S1,280,40,13.9,4,M2BAX,starter_seed,Synthetic starter record for development/testing
ABB,AB-55000-4P-107,"55 kW three-phase induction motor, 4-pole, 415 V, 50 Hz",Three-phase induction motor,55.0,415,50,1475,85.71,96.0,0.93,IP55,F,B3,S1,200,40,122.7,4,1LE1,starter_seed,Synthetic starter record for development/testing
ABB,AB-03000-4P-108,"3 kW three-phase induction motor, 4-pole, 415 V, 50 Hz",Three-phase induction motor,3.0,415,50,1480,5.94,87.9,0.8,IP65,F,B35,S1,180,40,13.0,4,BVM,starter_seed,Synthetic starter record for development/testing
Bharat Bijlee,BH-37000-2P-109,"37 kW three-phase induction motor, 2-pole, 415 V, 50 Hz",Three-phase induction motor,37.0,415,50,2940,58.28,96.0,0.92,IP56,F,B5,S1,112,40,93.9,2,GX,starter_seed,Synthetic starter record for development/testing
WEG,WE-45000-4P-110,"45 kW three-phase induction motor, 4-pole, 415 V, 50 Hz",Three-phase induction motor,45.0,415,50,1475,71.89,95.7,0.91,IP55,F,B5,S1,280,40,111.8,4,GX,starter_seed,Synthetic starter record for development/testing
ABB,AB-01500-2P-111,"1.5 kW three-phase induction motor, 2-pole, 400 V, 50 Hz",Three-phase induction motor,1.5,400,50,2940,3.3,84.1,0.78,IP65,F,B3,S1,100,40,14.5,2,BVM,starter_seed,Synthetic starter record for development/testing
Bharat Bijlee,BH-18500-6P-112,"18.5 kW three-phase induction motor, 6-pole, 400 V, 50 Hz",Three-phase induction motor,18.5,400,50,960,32.52,93.3,0.88,IP55,F,B5,S1,180,40,50.5,6,W22,starter_seed,Synthetic starter record for development/testing
ABB,AB-75000-2P-113,"75 kW three-phase induction motor, 2-pole, 415 V, 50 Hz",Three-phase induction motor,75.0,415,50,2945,114.41,96.0,0.95,IP65,F,B5,S1,160,40,161.3,2,W22,starter_seed,Synthetic starter record for development/testing
Bharat Bijlee,BH-07500-4P-114,"7.5 kW three-phase induction motor, 4-pole, 415 V, 50 Hz",Three-phase induction motor,7.5,415,50,1480,13.65,91.0,0.84,IP65,F,B35,S1,80,40,31.0,4,W22,starter_seed,Synthetic starter record for development/testing
ABB,AB-04000-4P-115,"4 kW three-phase induction motor, 4-pole, 400 V, 50 Hz",Three-phase induction motor,4.0,400,50,1470,8.43,87.8,0.78,IP65,F,B35,S1,100,40,16.8,4,1LE1,starter_seed,Synthetic starter record for development/testing
ABB,AB-01500-6P-116,"1.5 kW three-phase induction motor, 6-pole, 380 V, 50 Hz",Three-phase induction motor,1.5,380,50,980,3.52,85.2,0.76,IP55,F,B5,S1,100,40,16.7,6,BVM,starter_seed,Synthetic starter record for development/testing
Bharat Bijlee,BH-01500-2P-117,"1.5 kW three-phase induction motor, 2-pole, 380 V, 50 Hz",Three-phase induction motor,1.5,380,50,2945,3.55,86.7,0.74,IP55,F,B5,S1,90,40,15.7,2,GX,starter_seed,Synthetic starter record for development/testing
Bharat Bijlee,BH-45000-4P-118,"45 kW three-phase induction motor, 4-pole, 380 V, 50 Hz",Three-phase induction motor,45.0,380,50,1470,80.02,96.0,0.89,IP55,F,B5,S1,180,40,107.4,4,BVM,starter_seed,Synthetic starter record for development/testing
CG Power,CG-75000-6P-119,"75 kW three-phase induction motor, 6-pole, 380 V, 50 Hz",Three-phase induction motor,75.0,380,50,970,124.95,96.0,0.95,IP55,F,B3,S1,80,40,164.3,6,1LE1,starter_seed,Synthetic starter record for development/testing
Siemens,SI-11000-4P-120,"11 kW three-phase induction motor, 4-pole, 380 V, 50 Hz",Three-phase induction motor,11.0,380,50,1470,21.59,90.0,0.86,IP55,F,B5,S1,100,40,33.6,4,1LE1,starter_seed,Synthetic starter record for development/testing
Bharat Bijlee,BH-90000-6P-121,"90 kW three-phase induction motor, 6-pole, 380 V, 50 Hz",Three-phase induction motor,90.0,380,50,970,149.94,96.0,0.95,IP55,F,B5,S1,180,40,205.7,6,W22,starter_seed,Synthetic starter record for development/testing
Bharat Bijlee,BH-37000-6P-122,"37 kW three-phase induction motor, 6-pole, 415 V, 50 Hz",Three-phase induction motor,37.0,415,50,975,60.25,96.0,0.89,IP55,F,B5,S1,180,40,82.4,6,BVM,starter_seed,Synthetic starter record for development/testing
CG Power,CG-22000-2P-123,"22 kW three-phase induction motor, 2-pole, 380 V, 50 Hz",Three-phase induction motor,22.0,380,50,2955,40.63,93.5,0.88,IP55,F,B5,S1,225,40,62.1,2,W22,starter_seed,Synthetic starter record for development/testing
Siemens,SI-18500-2P-124,"18.5 kW three-phase induction motor, 2-pole, 415 V, 50 Hz",Three-phase induction motor,18.5,415,50,2940,31.34,94.4,0.87,IP55,F,B5,S1,112,40,52.5,2,1LE1,starter_seed,Synthetic starter record for development/testing
Siemens,SI-02200-2P-125,"2.2 kW three-phase induction motor, 2-pole, 380 V, 50 Hz",Three-phase induction motor,2.2,380,50,2950,5.16,85.3,0.76,IP55,F,B3,S1,280,40,21.8,2,GX,starter_seed,Synthetic starter record for development/testing
CG Power,CG-45000-6P-126,"45 kW three-phase induction motor, 6-pole, 415 V, 50 Hz",Three-phase induction motor,45.0,415,50,980,70.89,96.0,0.92,IP55,F,B3,S1,280,40,103.5,6,GX,starter_seed,Synthetic starter record for development/testing
CG Power,CG-15000-4P-127,"15 kW three-phase induction motor, 4-pole, 380 V, 50 Hz",Three-phase induction motor,15.0,380,50,1480,29.69,92.5,0.83,IP56,F,B3,S1,200,40,34.4,4,W22,starter_seed,Synthetic starter record for development/testing
ABB,AB-01500-6P-128,"1.5 kW three-phase induction motor, 6-pole, 415 V, 50 Hz",Three-phase induction motor,1.5,415,50,980,3.18,85.2,0.77,IP56,F,B35,S1,80,40,15.6,6,W22,starter_seed,Synthetic starter record for development/testing
Bharat Bijlee,BH-55000-6P-129,"55 kW three-phase induction motor, 6-pole, 380 V, 50 Hz",Three-phase induction motor,55.0,380,50,965,92.6,96.0,0.94,IP55,F,B35,S1,160,40,127.8,6,M2BAX,starter_seed,Synthetic starter record for development/testing
Siemens,SI-45000-4P-130,"45 kW three-phase induction motor, 4-pole, 415 V, 50 Hz",Three-phase induction motor,45.0,415,50,1480,72.46,96.0,0.9,IP56,F,B5,S1,132,40,108.9,4,BVM,starter_seed,Synthetic starter record for development/testing
ABB,AB-18500-2P-131,"18.5 kW three-phase induction motor, 2-pole, 380 V, 50 Hz",Three-phase induction motor,18.5,380,50,2950,34.73,94.1,0.86,IP65,F,B3,S1,132,40,46.2,2,BVM,starter_seed,Synthetic starter record for development/testing
Siemens,SI-22000-4P-132,"22 kW three-phase induction motor, 4-pole, 380 V, 50 Hz",Three-phase induction motor,22.0,380,50,1475,39.14,94.9,0.9,IP65,F,B5,S1,132,40,58.5,4,W22,starter_seed,Synthetic starter record for development/testing
Siemens,SI-75000-2P-133,"75 kW three-phase induction motor, 2-pole, 415 V, 50 Hz",Three-phase induction motor,75.0,415,50,2955,116.87,96.0,0.93,IP55,F,B5,S1,100,40,174.7,2,GX,starter_seed,Synthetic starter record for development/testing
Siemens,SI-07500-2P-134,"7.5 kW three-phase induction motor, 2-pole, 380 V, 50 Hz",Three-phase induction motor,7.5,380,50,2945,15.12,89.7,0.84,IP65,F,B35,S1,225,40,31.9,2,M2BAX,starter_seed,Synthetic starter record for development/testing
WEG,WE-03000-6P-135,"3 kW three-phase induction motor, 6-pole, 380 V, 50 Hz",Three-phase induction motor,3.0,380,50,975,6.53,86.2,0.81,IP55,F,B35,S1,250,40,15.3,6,GX,starter_seed,Synthetic starter record for development/testing
WEG,WE-07500-4P-136,"7.5 kW three-phase induction motor, 4-pole, 400 V, 50 Hz",Three-phase induction motor,7.5,400,50,1480,14.07,91.6,0.84,IP65,F,B3,S1,112,40,22.7,4,GX,starter_seed,Synthetic starter record for development/testing
Siemens,SI-22000-6P-137,"22 kW three-phase induction motor, 6-pole, 400 V, 50 Hz",Three-phase induction motor,22.0,400,50,980,39.12,94.4,0.86,IP65,F,B35,S1,180,40,54.9,6,1LE1,starter_seed,Synthetic starter record for development/testing
Siemens,SI-03000-4P-138,"3 kW three-phase induction motor, 4-pole, 415 V, 50 Hz",Three-phase induction motor,3.0,415,50,1460,6.12,87.5,0.78,IP65,F,B3,S1,90,40,12.9,4,1LE1,starter_seed,Synthetic starter record for development/testing
WEG,WE-45000-6P-139,"45 kW three-phase induction motor, 6-pole, 400 V, 50 Hz",Three-phase induction motor,45.0,400,50,965,72.2,95.7,0.94,IP55,F,B3,S1,200,40,103.1,6,GX,starter_seed,Synthetic starter record for development/testing
Bharat Bijlee,BH-22000-2P-140,"22 kW three-phase induction motor, 2-pole, 380 V, 50 Hz",Three-phase induction motor,22.0,380,50,2955,41.84,94.0,0.85,IP55,F,B3,S1,90,40,50.4,2,W22,starter_seed,Synthetic starter record for development/testing
CG Power,CG-03000-6P-141,"3 kW three-phase induction motor, 6-pole, 400 V, 50 Hz",Three-phase induction motor,3.0,400,50,975,6.07,88.0,0.81,IP55,F,B3,S1,80,40,21.7,6,BVM,starter_seed,Synthetic starter record for development/testing
Bharat Bijlee,BH-75000-4P-142,"75 kW three-phase induction motor, 4-pole, 400 V, 50 Hz",Three-phase induction motor,75.0,400,50,1460,123.92,96.0,0.91,IP56,F,B35,S1,112,40,172.2,4,GX,starter_seed,Synthetic starter record for development/testing
ABB,AB-02200-4P-143,"2.2 kW three-phase induction motor, 4-pole, 415 V, 50 Hz",Three-phase induction motor,2.2,415,50,1480,4.63,84.7,0.78,IP55,F,B5,S1,112,40,13.5,4,BVM,starter_seed,Synthetic starter record for development/testing
WEG,WE-07500-6P-144,"7.5 kW three-phase induction motor, 6-pole, 380 V, 50 Hz",Three-phase induction motor,7.5,380,50,975,15.62,91.2,0.8,IP55,F,B35,S1,160,40,26.5,6,BVM,starter_seed,Synthetic starter record for development/testing
Bharat Bijlee,BH-00750-4P-145,"0.75 kW three-phase induction motor, 4-pole, 380 V, 50 Hz",Three-phase induction motor,0.75,380,50,1475,1.72,84.8,0.78,IP55,F,B5,S1,132,40,16.2,4,W22,starter_seed,Synthetic starter record for development/testing
Siemens,SI-02200-6P-146,"2.2 kW three-phase induction motor, 6-pole, 380 V, 50 Hz",Three-phase induction motor,2.2,380,50,970,5.05,84.8,0.78,IP55,F,B35,S1,280,40,14.1,6,GX,starter_seed,Synthetic starter record for development/testing
Siemens,SI-03000-2P-147,"3 kW three-phase induction motor, 2-pole, 380 V, 50 Hz",Three-phase induction motor,3.0,380,50,2955,6.92,86.7,0.76,IP55,F,B5,S1,112,40,23.2,2,BVM,starter_seed,Synthetic starter record for development/testing
CG Power,CG-90000-4P-148,"90 kW three-phase induction motor, 4-pole, 380 V, 50 Hz",Three-phase induction motor,90.0,380,50,1470,153.16,96.0,0.93,IP55,F,B35,S1,160,40,196.3,4,M2BAX,starter_seed,Synthetic starter record for development/testing
WEG,WE-37000-4P-149,"37 kW three-phase induction motor, 4-pole, 400 V, 50 Hz",Three-phase induction motor,37.0,400,50,1475,63.28,95.9,0.88,IP55,F,B35,S1,200,40,84.0,4,M2BAX,starter_seed,Synthetic starter record for development/testing
CG Power,CG-01500-4P-150,"1.5 kW three-phase induction motor, 4-pole, 380 V, 50 Hz",Three-phase induction motor,1.5,380,50,1480,3.5,85.8,0.76,IP55,F,B35,S1,90,40,9.9,4,GX,starter_seed,Synthetic starter record for development/testing
